<?xml version="1.0" encoding="UTF-8"?>
<list>
    <tab name="firsttab">
    
        <soft name="firstsoft" row="1" column="1" foldername="firstfolder" filename="firstfile.py" cmd="python">
        	<param>a</param>
        	<param>b</param>
        	<param>C</param>
        </soft>
        
        <soft name="secondsoft" row="2" column="1" foldername="secondfolder" filename="secondfile.py" cmd="python">
        </soft>
        
        <soft name="thirdsoft" row="2" column="2" foldername="thirdfolder" filename="thirdfile.py" cmd="python">
        	<param>a</param>
        	<param>b</param>
        </soft>
        
        <soft name="foursoft" row="2" column="3" foldername="fourfolder" filename="fourfile.py" cmd="python">
        	<param>h</param>
        </soft>
        
    </tab>
</list>
